<?xml version="1.0"?>
<block>
	<name>IIO Device Sink</name>
	<key>iio_device_sink</key>
	<category>[Industrial IO]</category>
	<flags>throttle</flags>
	<import>from gnuradio import iio</import>
	<make>iio.device_sink($uri, $device, $channels, $device_phy, $params, $buffer_size, $interpolation - 1, $cyclic)</make>

	<param>
		<name>IIO context URI</name>
		<key>uri</key>
		<value>local:</value>
		<type>string</type>
	</param>

	<param>
		<name>Device Name/ID</name>
		<key>device</key>
		<type>string</type>
	</param>

	<param>
		<name>PHY Device Name/ID</name>
		<key>device_phy</key>
		<type>string</type>
	</param>

	<param>
		<name>Channels</name>
		<key>channels</key>
		<value>[]</value>
		<type>raw</type>
	</param>

	<param>
		<name>Buffer size</name>
		<key>buffer_size</key>
		<value>0x8000</value>
		<type>int</type>
	</param>

	<param>
		<name>Interpolation</name>
		<key>interpolation</key>
		<value>1</value>
		<type>int</type>
	</param>

	<param>
		<name>Cyclic</name>
		<key>cyclic</key>
		<value>False</value>
		<type>enum</type>
		<option><name>True</name><key>True</key></option>
		<option><name>False</name><key>False</key></option>
	</param>

	<param>
		<name>Parameters</name>
		<key>params</key>
		<value>[]</value>
		<type>raw</type>
	</param>

	<!-- Refuse empty strings -->
	<check>$device</check>
	<check>$device_phy</check>

	<!-- Avoid divisions by zero -->
	<check>$interpolation > 0</check>

	<!-- We need at least one channel -->
	<check>len($channels) &gt; 0</check>

	<sink>
		<name>in</name>
		<type>short</type>
		<nports>len($channels)</nports>
	</sink>
</block>
