<?xml version="1.0"?>
<block>
  <name>IIO Attribute Sink</name>
  <key>iio_attr_sink</key>
  <category>[Industrial IO]</category>
  <import>from gnuradio import iio</import>
  <make>iio.attr_sink($uri, $device, $channel, $attr_type, $output, $required_enable)</make>
  <param>
		<name>uri</name>
		<key>uri</key>
		<value>""</value>
		<type>string</type>
  </param>
  <param>
    <name>Device</name>
    <key>device</key>
    <value>""</value>
    <type>string</type>
  </param>

  <param>
    <name>Attribute Type</name>
    <key>attr_type</key>
    <type>enum</type>
    <option>
      <name>Channel</name>
      <key>0</key>
    </option>
    <option>
      <name>Device</name>
      <key>1</key>
    </option>
    <option>
      <name>Device Buffer</name>
      <key>2</key>
    </option>
    <option>
      <name>Device Debug</name>
      <key>3</key>
    </option>
    <option>
      <name>Register</name>
      <key>4</key>
    </option>
  </param>

  <param>
    <name>Required Enable</name>
    <key>required_enable</key>
    <type>enum</type>
    <hide>#if int($attr_type()) == 4 then 'none' else 'all'#</hide>
    <option>
      <name>Not Required</name>
      <key>False</key>
    </option>
    <option>
      <name>Enable</name>
      <key>True</key>
    </option>
  </param>

  <param>
    <name>Input/Output</name>
    <key>output</key>
    <type>enum</type>
    <hide>#if int($attr_type()) == 0 then 'none' else 'all'#</hide>
    <option>
      <name>Input</name>
      <key>False</key>
    </option>
    <option>
      <name>Output</name>
      <key>True</key>
    </option>
  </param>

  <param>
    <name>Channel Name</name>
    <key>channel</key>
    <value>""</value>
    <type>string</type>
    <hide>#if int($attr_type()) == 0 then 'none' else 'all'#</hide>
  </param>

  <sink>
		<name>attr</name>
		<type>message</type>
		<optional>1</optional>
  </sink>
  <doc>
    https://wiki.analog.com/resources/tools-software/linux-software/gnuradio
  </doc>
</block>
