<?xml version="1.0"?>
<block>
	<name>Modulo</name>
	<key>iio_modulo_ff</key>
	<category>[Industrial IO]/Math Operators</category>
	<import>from gnuradio import iio</import>
	<make>iio.modulo_ff($vlen)</make>
	<param>
		<name>Vec Length</name>
		<key>vlen</key>
		<value>1</value>
		<type>int</type>
	</param>
	<check>$vlen &gt; 0</check>
	<sink>
		<name>in</name>
		<type>float</type>
		<vlen>$vlen</vlen>
	</sink>
	<sink>
		<name>mod</name>
		<type>float</type>
		<vlen>$vlen</vlen>
	</sink>
	<source>
		<name>out</name>
		<type>float</type>
		<vlen>$vlen</vlen>
	</source>
</block>
